timestamp,motion_energy,num_detections
3.483552508056164,3401.0,0
3.533552508801222,2095.0,0
3.58355250954628,861.0,0
3.633552510291338,304.0,0
3.683552511036396,78.0,0
3.733552511781454,80.0,0
3.783552512526512,74.0,0
3.83355251327157,89.0,0
3.8835525140166283,80.0,0
3.9335525147616863,70.0,0
3.9835525155067444,254.0,0
4.0335525162518024,3124.0,0
4.0835525169968605,4477.0,0
4.133552517741919,5593.0,0
4.183552518486977,6177.0,0
4.233552519232035,6577.0,0
4.283552519977093,6887.0,0
4.333552520722151,7056.0,0
4.383552521467209,7061.0,0
4.433552522212267,7025.0,0
4.483552522957325,7232.0,0
4.533552523702383,7123.0,0
4.583552524447441,7020.0,0
4.633552525192499,7113.0,0
4.683552525937557,6955.0,0
4.733552526682615,7714.0,0
4.783552527427673,7609.0,0
4.833552528172731,7738.0,0
4.8835525289177895,7641.0,0
4.9335525296628475,7828.0,1
4.983552530407906,7493.0,0
5.033552531152964,8012.0,2
5.083552531898022,8193.0,1
5.13355253264308,8593.0,4
5.183552533388138,9406.0,3
5.233552534133196,10111.0,3
5.283552534878254,11717.0,6
5.333552535623312,13065.0,5
5.38355253636837,14181.0,8
5.433552537113428,15765.0,8
5.483552537858486,14979.0,7
5.533552538603544,14268.0,8
5.583552539348602,13871.0,10
5.63355254009366,13346.0,11
5.683552540838718,12938.0,9
5.7335525415837765,11005.0,9
5.7835525423288345,9647.0,5
5.833552543073893,8741.0,3
5.883552543818951,7894.0,2
5.933552544564009,4307.0,1
5.983552545309067,5948.0,2
6.033552546054125,4326.0,0
6.083552546799183,3996.0,0
6.133552547544241,4201.0,0
6.183552548289299,4498.0,0
6.233552549034357,4852.0,1
6.283552549779415,5050.0,0
6.333552550524473,5337.0,2
6.383552551269531,5391.0,0
6.433552552014589,5722.0,4
6.483552552759647,6471.0,4
6.533552553504705,6859.0,3
6.5835525542497635,7335.0,4
6.6335525549948215,5485.0,2
6.68355255573988,4433.0,0
6.733552556484938,4072.0,0
6.783552557229996,4284.0,0
6.833552557975054,4668.0,0
6.883552558720112,4885.0,0
6.93355255946517,5350.0,0
6.983552560210228,5500.0,0
7.033552560955286,6084.0,0
7.083552561700344,6429.0,0
7.133552562445402,7298.0,0
7.233552563935518,8859.0,0
7.283552564680576,9955.0,2
7.333552565425634,10624.0,5
7.383552566170692,11719.0,4
7.4335525669157505,13353.0,6
7.483552567660809,14399.0,7
7.533552568405867,15214.0,8
7.583552569150925,14568.0,8
7.633552569895983,14428.0,8
7.683552570641041,14489.0,7
7.733552571386099,14313.0,9
7.783552572131157,13972.0,8
7.833552572876215,12343.0,9
7.883552573621273,10474.0,6
7.933552574366331,9677.0,7
7.983552575111389,9256.0,4
8.033552575856447,7481.0,2
8.083552576601505,5469.0,2
8.133552577346563,3081.0,0
8.183552578091621,2922.0,0
8.23355257883668,2955.0,0
8.283552579581738,3054.0,0
8.333552580326796,3207.0,0
8.383552581071854,3453.0,0
8.433552581816912,4101.0,0
8.48355258256197,4481.0,1
8.533552583307028,5014.0,1
8.583552584052086,5231.0,2
8.633552584797144,5749.0,2
8.683552585542202,5937.0,3
8.73355258628726,6584.0,4
8.783552587032318,7376.0,4
8.833552587777376,7212.0,3
8.883552588522434,5664.0,1
8.933552589267492,4917.0,0
8.98355259001255,5131.0,0
9.033552590757608,5509.0,0
9.083552591502666,5867.0,0
9.133552592247725,6147.0,0
9.183552592992783,6848.0,0
9.23355259373784,7480.0,0
9.283552594482899,8198.0,0
9.333552595227957,8657.0,0
9.383552595973015,9051.0,2
9.433552596718073,9787.0,2
9.483552597463131,10648.0,3
9.533552598208189,11563.0,4
9.583552598953247,12514.0,6
9.633552599698305,13628.0,5
9.683552600443363,13851.0,6
9.733552601188421,13741.0,5
9.78355260193348,13629.0,6
9.833552602678537,13714.0,7
9.883552603423595,13392.0,9
9.933552604168653,11980.0,9
10.083552606403828,7757.0,3
10.083552606403828,7757.0,3
10.133552607148886,1600.0,0
10.183552607893944,5803.0,1
10.233552608639002,3936.0,0
10.28355260938406,3746.0,0
10.333552610129118,3730.0,0
10.383552610874176,4133.0,0
10.433552611619234,4377.0,0
10.483552612364292,4714.0,0
10.53355261310935,5192.0,0
10.583552613854408,5756.0,1
10.633552614599466,5881.0,1
10.683552615344524,5890.0,1
10.733552616089582,6280.0,2
10.78355261683464,6574.0,2
10.833552617579699,7380.0,3
10.883552618324757,8371.0,3
10.933552619069815,8887.0,3
10.983552619814873,8435.0,2
11.03355262055993,8573.0,1
11.083552621304989,9227.0,2
11.133552622050047,10478.0,1
11.183552622795105,11348.0,3
11.233552623540163,12113.0,3
11.283552624285221,13212.0,4
11.33355262503028,12642.0,5
11.383552625775337,12103.0,3
11.433552626520395,12232.0,2
11.483552627265453,13065.0,2
11.533552628010511,13475.0,4
11.58355262875557,13632.0,2
11.633552629500628,14427.0,5
11.683552630245686,15703.0,6
11.733552630990744,17329.0,6
11.783552631735802,18142.0,9
11.83355263248086,18208.0,6
11.883552633225918,18152.0,8
11.933552633970976,17518.0,9
11.983552634716034,17311.0,8
12.033552635461092,16244.0,7
12.08355263620615,14782.0,6
12.133552636951208,13396.0,5
12.183552637696266,12348.0,2
12.233552638441324,11913.0,3
12.283552639186382,11299.0,2
12.33355263993144,9328.0,2
12.533552642911673,10225.0,0
12.58355264365673,9883.0,0
12.633552644401789,9990.0,0
12.683552645146847,10322.0,0
12.733552645891905,10559.0,0
12.783552646636963,10676.0,0
12.833552647382021,11034.0,0
12.883552648127079,11318.0,1
12.933552648872137,11945.0,1
12.983552649617195,12655.0,2
13.033552650362253,13815.0,5
13.083552651107311,13905.0,3
13.13355265185237,13247.0,1
13.183552652597427,12486.0,1
13.233552653342485,12270.0,0
13.283552654087543,12522.0,0
13.333552654832602,12892.0,2
13.38355265557766,13352.0,1
13.433552656322718,13881.0,1
13.483552657067776,14410.0,1
13.533552657812834,15220.0,1
13.583552658557892,15975.0,2
13.63355265930295,16785.0,2
13.683552660048008,17875.0,5
13.733552660793066,18724.0,7
13.783552661538124,19910.0,5
13.833552662283182,21076.0,7
13.88355266302824,21946.0,8
13.933552663773298,20844.0,6
13.983552664518356,20093.0,8
14.033552665263414,20235.0,9
14.083552666008472,20589.0,14
14.13355266675353,19714.0,10
14.183552667498589,18016.0,9
14.233552668243647,16298.0,7
14.38355267047882,14272.0,2
14.433552671223879,12883.0,3
14.483552671968937,11011.0,1
14.533552672713995,11102.0,3
14.583552673459053,11503.0,2
14.633552674204111,11805.0,3
14.68355267494917,12020.0,2
14.733552675694227,11897.0,1
14.783552676439285,11960.0,1
14.833552677184343,11603.0,0
14.883552677929401,11685.0,1
14.93355267867446,12008.0,2
14.983552679419518,12182.0,4
15.033552680164576,12521.0,2
15.083552680909634,12930.0,3
15.133552681654692,11450.0,3
15.18355268239975,9120.0,2
15.233552683144808,7860.0,2
15.283552683889866,7739.0,0
15.333552684634924,7538.0,0
15.383552685379982,7175.0,0
15.43355268612504,6925.0,0
15.483552686870098,6995.0,0
15.533552687615156,6970.0,0
15.583552688360214,7391.0,0
15.633552689105272,8493.0,0
15.68355268985033,9290.0,1
15.733552690595388,10284.0,2
15.783552691340446,11073.0,4
15.833552692085505,11740.0,4
15.883552692830563,12681.0,8
15.93355269357562,13246.0,6
15.983552694320679,14500.0,6
16.033552695065737,14438.0,7
16.083552695810795,14200.0,7
16.133552696555853,14510.0,8
16.18355269730091,14116.0,10
16.23355269804597,14071.0,9
16.283552698791027,12386.0,8
16.383552700281143,9307.0,6
16.4335527010262,8807.0,3
16.48355270177126,8175.0,2
16.533552702516317,6725.0,3
16.583552703261375,3601.0,1
16.633552704006433,615.0,0
16.68355270475149,3104.0,0
16.73355270549655,2953.0,0
16.783552706241608,3254.0,0
16.833552706986666,3731.0,0
16.883552707731724,3877.0,0
16.933552708476782,4309.0,0
16.98355270922184,4644.0,1
17.033552709966898,5114.0,0
17.083552710711956,5535.0,0
17.133552711457014,5762.0,1
17.183552712202072,6192.0,1
17.23355271294713,6740.0,3
17.28355271369219,7499.0,4
17.333552714437246,7832.0,4
17.383552715182304,6558.0,3
17.433552715927362,4977.0,0
17.48355271667242,5010.0,0
17.53355271741748,5320.0,0
17.583552718162537,5975.0,0
17.633552718907595,6564.0,0
17.683552719652653,7109.0,0
17.73355272039771,7909.0,0
17.78355272114277,8457.0,0
17.833552721887827,8872.0,2
17.883552722632885,9852.0,4
17.933552723377943,10972.0,4
17.983552724123,12248.0,6
18.03355272486806,13598.0,5
18.083552725613117,14621.0,6
18.133552726358175,14420.0,7
18.183552727103233,14248.0,7
18.23355272784829,14086.0,7
18.28355272859335,14192.0,7
18.333552729338408,14100.0,8
18.383552730083466,12963.0,7
18.433552730828524,11280.0,6
18.48355273157358,9677.0,5
18.53355273231864,8762.0,2
18.583552733063698,8373.0,2
18.633552733808756,7716.0,1
18.683552734553814,5263.0,1
18.733552735298872,4350.0,0
18.78355273604393,4469.0,0
18.833552736788988,4803.0,0
18.883552737534046,5122.0,0
18.933552738279104,5570.0,0
18.983552739024162,5915.0,0
19.03355273976922,6471.0,0
19.08355274051428,6373.0,0
19.133552741259336,6073.0,0
19.183552742004395,6152.0,0
19.233552742749453,6465.0,0
19.28355274349451,6894.0,0
19.33355274423957,7522.0,2
19.383552744984627,8042.0,2
19.433552745729685,8674.0,4
19.483552746474743,8053.0,2
19.5335527472198,7344.0,0
19.58355274796486,7494.0,0
19.633552748709917,7998.0,0
19.683552749454975,8902.0,0
19.733552750200033,9245.0,0
19.78355275094509,9476.0,0
19.83355275169015,9796.0,0
19.883552752435207,10638.0,1
19.933552753180265,11535.0,2
19.983552753925323,12430.0,4
20.03355275467038,13877.0,4
20.08355275541544,15108.0,5
20.133552756160498,16024.0,7
20.183552756905556,17125.0,7
20.233552757650614,17436.0,6
20.283552758395672,17094.0,5
20.33355275914073,16549.0,5
20.383552759885788,16477.0,7
20.433552760630846,16215.0,7
20.483552761375904,14949.0,7
20.533552762120962,14024.0,4
20.58355276286602,13356.0,5
20.63355276361108,12223.0,2
20.683552764356136,12259.0,2
20.733552765101194,11742.0,2
20.783552765846252,9364.0,3
20.83355276659131,7472.0,1
20.933552768081427,5757.0,0
20.983552768826485,7222.0,0
21.033552769571543,7111.0,1
21.0835527703166,7060.0,1
21.13355277106166,7218.0,1
21.183552771806717,7114.0,1
21.233552772551775,7184.0,1
21.283552773296833,7318.0,0
21.33355277404189,7580.0,0
21.38355277478695,7857.0,1
21.433552775532007,8763.0,2
21.483552776277065,9558.0,4
21.533552777022123,10471.0,6
21.58355277776718,9920.0,4
21.63355277851224,9207.0,2
21.683552779257298,8104.0,2
21.733552780002356,7614.0,2
21.783552780747414,7557.0,1
21.83355278149247,7503.0,0
21.88355278223753,7395.0,0
21.933552782982588,7662.0,0
21.983552783727646,7982.0,0
22.033552784472704,8624.0,0
22.083552785217762,9294.0,2
22.13355278596282,10445.0,3
22.183552786707878,11557.0,5
22.233552787452936,13087.0,6
22.283552788197994,14288.0,6
22.333552788943052,14651.0,6
22.38355278968811,14342.0,7
22.43355279043317,13807.0,6
22.483552791178226,13611.0,8
22.533552791923285,13864.0,9
22.583552792668343,12974.0,8
22.6335527934134,12904.0,6
22.68355279415846,11557.0,4
22.733552794903517,10431.0,3
22.783552795648575,10638.0,2
22.833552796393633,9409.0,2
22.88355279713869,6973.0,1
22.93355279788375,5435.0,0
22.983552798628807,5531.0,0
23.033552799373865,4908.0,0
23.083552800118923,5182.0,0
23.13355280086398,4805.0,0
23.18355280160904,4966.0,1
23.233552802354097,5326.0,1
23.283552803099155,5254.0,1
23.333552803844213,5502.0,0
23.38355280458927,5609.0,0
23.43355280533433,6232.0,2
23.483552806079388,7054.0,2
23.533552806824446,7736.0,3
23.583552807569504,7228.0,3
23.633552808314562,6007.0,1
23.68355280905962,4884.0,0
23.733552809804678,5051.0,0
23.783552810549736,4947.0,0
23.833552811294794,5219.0,0
23.883552812039852,5658.0,0
23.93355281278491,6028.0,0
23.98355281352997,6504.0,0
24.033552814275026,6994.0,0
24.083552815020084,7452.0,0
24.133552815765142,8315.0,0
24.1835528165102,9440.0,0
24.23355281725526,10406.0,2
24.283552818000317,11363.0,4
24.333552818745375,11847.0,5
24.383552819490433,12702.0,5
24.43355282023549,13398.0,7
24.48355282098055,12864.0,5
24.533552821725607,12420.0,6
24.583552822470665,12293.0,7
24.633552823215723,12212.0,10
24.68355282396078,12408.0,7
24.73355282470584,11240.0,6
24.783552825450897,10500.0,6
24.833552826195955,9597.0,5
24.883552826941013,8299.0,2
24.93355282768607,7995.0,3
24.98355282843113,6911.0,4
25.033552829176188,5135.0,2
25.083552829921246,3357.0,1
25.133552830666304,2467.0,0
25.18355283141136,2671.0,0
25.23355283215642,2940.0,0
25.283552832901478,2542.0,0
25.333552833646536,2785.0,0
25.383552834391594,2990.0,0
25.433552835136652,3005.0,1
25.48355283588171,3387.0,0
25.533552836626768,3527.0,0
25.583552837371826,3700.0,1
25.633552838116884,4206.0,0
25.683552838861942,4483.0,1
25.733552839607,4670.0,1
25.78355284035206,4645.0,1
25.833552841097116,4740.0,0
25.883552841842175,4948.0,0
25.933552842587233,5329.0,2
25.98355284333229,5580.0,2
26.03355284407735,6191.0,2
26.083552844822407,6454.0,3
26.133552845567465,6853.0,3
26.183552846312523,6461.0,2
26.23355284705758,5189.0,1
26.28355284780264,4409.0,0
26.333552848547697,4317.0,0
26.383552849292755,4560.0,0
26.433552850037813,4870.0,0
26.48355285078287,4988.0,0
26.53355285152793,5430.0,0
26.583552852272987,5714.0,0
26.633552853018045,6086.0,0
26.683552853763103,6656.0,0
26.73355285450816,6476.0,0
26.78355285525322,6602.0,0
26.883552856743336,7608.0,0
26.933552857488394,7740.0,0
26.983552858233452,8167.0,0
27.03355285897851,8961.0,3
27.083552859723568,9643.0,2
27.133552860468626,10386.0,2
27.183552861213684,11071.0,6
27.233552861958742,11013.0,4
27.2835528627038,10956.0,5
27.33355286344886,10915.0,5
27.383552864193916,10437.0,3
27.433552864938974,10472.0,3
27.483552865684032,10308.0,5
27.53355286642909,10048.0,4
27.58355286717415,10201.0,5
27.633552867919207,10393.0,5
27.683552868664265,9512.0,6
27.733552869409323,9190.0,6
27.78355287015438,8570.0,5
27.83355287089944,7267.0,5
27.883552871644497,6958.0,4
27.933552872389555,5906.0,1
27.983552873134613,5602.0,3
28.03355287387967,5218.0,1
28.08355287462473,4700.0,1
28.183552876114845,3524.0,2
28.233552876859903,2831.0,0
28.28355287760496,2219.0,0
28.33355287835002,2074.0,0
28.383552879095078,2318.0,0
28.433552879840136,2385.0,0
28.483552880585194,2374.0,0
28.53355288133025,2498.0,0
28.58355288207531,2728.0,0
28.633552882820368,2971.0,0
28.683552883565426,2926.0,0
28.733552884310484,2966.0,0
28.783552885055542,3063.0,0
28.8335528858006,3293.0,0
28.883552886545658,3890.0,1
28.933552887290716,4446.0,2
28.983552888035774,4728.0,3
29.033552888780832,5001.0,4
29.08355288952589,5297.0,4
29.13355289027095,5351.0,4
29.183552891016006,5348.0,4
29.233552891761065,5218.0,4
29.283552892506123,5203.0,4
29.33355289325118,4469.0,3
29.38355289399624,4579.0,3
29.433552894741297,4679.0,4
29.483552895486355,5287.0,6
29.533552896231413,5612.0,6
29.58355289697647,6134.0,5
29.63355289772153,4854.0,2
29.683552898466587,5118.0,3
29.733552899211645,4370.0,2
29.783552899956703,3945.0,1
29.83355290070176,4178.0,2
29.88355290144682,4754.0,1
29.933552902191877,5193.0,2
29.983552902936935,4966.0,3
30.033552903681993,4979.0,3
30.08355290442705,5008.0,3
30.13355290517211,4946.0,2
30.183552905917168,5238.0,4
30.233552906662226,5292.0,3
30.283552907407284,4514.0,0
30.333552908152342,1765.0,0
30.3835529088974,425.0,0
30.433552909642458,500.0,0
30.483552910387516,466.0,0
30.483552910387516,466.0,0
30.583552911877632,369.0,0
30.63355291262269,362.0,0
30.68355291336775,336.0,0
30.733552914112806,399.0,0
30.783552914857864,265.0,0
30.833552915602922,290.0,0
30.88355291634798,249.0,0
30.93355291709304,292.0,0
30.983552917838097,255.0,0
31.033552918583155,251.0,0
31.083552919328213,256.0,0
31.13355292007327,235.0,0
31.18355292081833,258.0,0
31.233552921563387,277.0,0
31.283552922308445,225.0,0
31.333552923053503,248.0,0
31.38355292379856,235.0,0
31.43355292454362,245.0,0
31.483552925288677,251.0,0
31.533552926033735,242.0,0
31.583552926778793,207.0,0
31.63355292752385,258.0,0
31.68355292826891,200.0,0
31.733552929013968,224.0,0
31.783552929759026,223.0,0
31.833552930504084,206.0,0
31.88355293124914,249.0,0
31.9335529319942,195.0,0
31.983552932739258,218.0,0
32.033552933484316,238.0,0
32.083552934229374,203.0,0
32.13355293497443,242.0,0
32.18355293571949,208.0,0
32.23355293646455,248.0,0
32.283552937209606,231.0,0
32.333552937954664,211.0,0
32.38355293869972,228.0,0
32.43355293944478,250.0,0
32.48355294018984,201.0,0
32.5335529409349,213.0,0
32.583552941679955,204.0,0
32.63355294242501,172.0,0
32.68355294317007,237.0,0
32.73355294391513,212.0,0
32.78355294466019,196.0,0
32.833552945405245,243.0,0
32.8835529461503,202.0,0
32.93355294689536,261.0,0
32.98355294764042,199.0,0
33.03355294838548,220.0,0
33.083552949130535,236.0,0
33.13355294987559,206.0,0
33.18355295062065,204.0,0
33.23355295136571,221.0,0
33.28355295211077,207.0,0
33.333552952855825,219.0,0
33.38355295360088,202.0,0
33.43355295434594,194.0,0
33.483552955091,191.0,0
33.53355295583606,176.0,0
33.583552956581116,184.0,0
33.633552957326174,222.0,0
33.68355295807123,171.0,0
33.73355295881629,214.0,0
33.78355295956135,184.0,0
33.833552960306406,174.0,0
33.883552961051464,203.0,0
33.93355296179652,174.0,0
33.98355296254158,178.0,0
34.03355296328664,180.0,0
34.083552964031696,176.0,0
34.133552964776754,183.0,0
34.18355296552181,181.0,0
34.23355296626687,188.0,0
34.28355296701193,198.0,0
34.33355296775699,178.0,0
34.383552968502045,161.0,0
34.4335529692471,192.0,0
34.48355296999216,179.0,0
34.53355297073722,198.0,0
34.58355297148228,180.0,0
34.633552972227335,175.0,0
34.68355297297239,221.0,0
34.73355297371745,137.0,0
34.78355297446251,178.0,0
34.83355297520757,183.0,0
34.883552975952625,155.0,0
34.93355297669768,170.0,0
34.98355297744274,169.0,0
35.0335529781878,179.0,0
35.08355297893286,154.0,0
35.133552979677916,175.0,0
35.183552980422974,180.0,0
35.23355298116803,165.0,0
35.28355298191309,167.0,0
35.33355298265815,170.0,0
35.383552983403206,183.0,0
35.433552984148264,153.0,0
35.48355298489332,184.0,0
35.53355298563838,184.0,0
35.58355298638344,169.0,0
35.633552987128496,193.0,0
35.683552987873554,167.0,0
35.73355298861861,184.0,0
35.78355298936367,151.0,0
35.83355299010873,187.0,0
35.88355299085379,194.0,0
35.933552991598845,158.0,0
35.9835529923439,191.0,0
36.03355299308896,187.0,0
36.08355299383402,171.0,0
36.13355299457908,174.0,0
36.183552995324135,163.0,0
36.23355299606919,175.0,0
36.28355299681425,162.0,0
36.33355299755931,171.0,0
36.38355299830437,154.0,0
36.433552999049425,190.0,0
36.48355299979448,135.0,0
36.53355300053954,173.0,0
36.5835530012846,173.0,0
36.63355300202966,149.0,0
36.683553002774715,159.0,0
36.73355300351977,157.0,0
36.78355300426483,166.0,0
36.83355300500989,154.0,0
36.88355300575495,174.0,0
36.933553006500006,185.0,0
36.983553007245064,161.0,0
37.03355300799012,172.0,0
37.08355300873518,152.0,0
37.13355300948024,161.0,0
37.183553010225296,138.0,0
37.233553010970354,175.0,0
37.28355301171541,177.0,0
37.33355301246047,163.0,0
37.38355301320553,164.0,0
37.433553013950586,152.0,0
37.483553014695644,169.0,0
37.5335530154407,133.0,0
37.58355301618576,150.0,0
37.63355301693082,171.0,0
37.68355301767588,150.0,0
37.733553018420935,157.0,0
37.78355301916599,156.0,0
37.83355301991105,173.0,0
37.88355302065611,137.0,0
37.93355302140117,162.0,0
37.983553022146225,170.0,0
38.03355302289128,154.0,0
38.08355302363634,160.0,0
38.1335530243814,151.0,0
38.18355302512646,159.0,0
38.233553025871515,140.0,0
38.28355302661657,164.0,0
38.33355302736163,163.0,0
38.38355302810669,142.0,0
38.43355302885175,171.0,0
38.483553029596806,144.0,0
38.533553030341864,158.0,0
38.58355303108692,144.0,0
38.63355303183198,168.0,0
38.68355303257704,182.0,0
38.733553033322096,142.0,0
38.783553034067154,165.0,0
38.83355303481221,162.0,0
38.88355303555727,162.0,0
38.93355303630233,144.0,0
38.983553037047386,161.0,0
39.033553037792444,163.0,0
39.0835530385375,148.0,0
39.13355303928256,151.0,0
39.18355304002762,149.0,0
39.23355304077268,172.0,0
39.283553041517735,138.0,0
39.33355304226279,161.0,0
39.38355304300785,160.0,0
39.43355304375291,147.0,0
39.48355304449797,147.0,0
39.533553045243025,148.0,0
39.58355304598808,158.0,0
39.63355304673314,139.0,0
39.6835530474782,162.0,0
39.73355304822326,150.0,0
39.783553048968315,148.0,0
39.83355304971337,156.0,0
39.88355305045843,152.0,0
39.93355305120349,155.0,0
39.98355305194855,131.0,0
40.033553052693605,163.0,0
40.08355305343866,157.0,0
40.13355305418372,149.0,0
40.18355305492878,163.0,0
40.23355305567384,151.0,0
40.283553056418896,160.0,0
40.333553057163954,134.0,0
40.38355305790901,158.0,0
40.43355305865407,163.0,0
40.48355305939913,158.0,0
40.533553060144186,152.0,0
40.583553060889244,154.0,0
40.6335530616343,158.0,0
40.68355306237936,128.0,0
40.73355306312442,149.0,0
40.73355306312442,149.0,0
40.833553064614534,163.0,0
40.88355306535959,166.0,0
40.93355306610465,156.0,0
40.98355306684971,162.0,0
41.03355306759477,131.0,0
41.083553068339825,164.0,0
41.13355306908488,164.0,0
41.18355306982994,153.0,0
41.233553070575,172.0,0
41.28355307132006,147.0,0
41.333553072065115,150.0,0
41.38355307281017,137.0,0
41.43355307355523,163.0,0
41.48355307430029,166.0,0
41.53355307504535,142.0,0
41.583553075790405,156.0,0
41.63355307653546,161.0,0
41.68355307728052,160.0,0
41.73355307802558,128.0,0
41.78355307877064,150.0,0
41.833553079515696,159.0,0
41.883553080260754,144.0,0
41.93355308100581,152.0,0
41.98355308175087,146.0,0
42.03355308249593,162.0,0
42.083553083240986,129.0,0
42.133553083986044,160.0,0
42.1835530847311,159.0,0
42.23355308547616,149.0,0
42.28355308622122,163.0,0
42.333553086966276,154.0,0
42.383553087711334,155.0,0
42.43355308845639,134.0,0
42.48355308920145,162.0,0
42.53355308994651,163.0,0
42.58355309069157,155.0,0
42.633553091436625,165.0,0
42.68355309218168,151.0,0
42.73355309292674,156.0,0
42.7835530936718,134.0,0
42.83355309441686,157.0,0
42.883553095161915,155.0,0
42.93355309590697,152.0,0
42.98355309665203,154.0,0
43.03355309739709,151.0,0
43.08355309814215,158.0,0
43.133553098887205,129.0,0
43.18355309963226,159.0,0
43.23355310037732,177.0,0
43.28355310112238,151.0,0
43.33355310186744,150.0,0
43.383553102612495,148.0,0
43.43355310335755,155.0,0
43.48355310410261,131.0,0
43.53355310484767,157.0,0
43.58355310559273,169.0,0
43.633553106337786,159.0,0
43.683553107082844,165.0,0
43.7335531078279,154.0,0
43.78355310857296,161.0,0
43.83355310931802,138.0,0
43.883553110063076,171.0,0
43.933553110808134,162.0,0
43.98355311155319,147.0,0
44.03355311229825,165.0,0
44.08355311304331,148.0,0
44.133553113788366,163.0,0
44.183553114533424,139.0,0
44.183553114533424,139.0,0
44.28355311602354,163.0,0
44.3335531167686,155.0,0
44.38355311751366,155.0,0
44.433553118258715,153.0,0
44.48355311900377,172.0,0
44.53355311974883,138.0,0
44.58355312049389,153.0,0
44.63355312123895,160.0,0
44.683553121984005,155.0,0
44.73355312272906,163.0,0
44.78355312347412,150.0,0
44.83355312421918,171.0,0
44.88355312496424,135.0,0
44.933553125709295,165.0,0
44.98355312645435,171.0,0
44.98355312645435,171.0,0
45.08355312794447,160.0,0
45.13355312868953,147.0,0
45.183553129434586,159.0,0
45.233553130179644,141.0,0
45.2835531309247,160.0,0
45.33355313166976,151.0,0
45.38355313241482,157.0,0
45.433553133159876,158.0,0
45.483553133904934,143.0,0
45.53355313464999,168.0,0
45.58355313539505,132.0,0
45.63355313614011,172.0,0
45.683553136885166,158.0,0
45.733553137630224,153.0,0
45.78355313837528,155.0,0
45.83355313912034,147.0,0
45.8835531398654,170.0,0
45.93355314061046,137.0,0
45.983553141355515,163.0,0
46.03355314210057,167.0,0
46.08355314284563,155.0,0
46.13355314359069,149.0,0
46.18355314433575,143.0,0
46.233553145080805,156.0,0
46.38355314731598,280.0,0
46.38355314731598,280.0,0
46.43355314806104,1051.0,0
46.483553148806095,622.0,0
46.53355314955115,416.0,0
46.58355315029621,532.0,0
46.63355315104127,504.0,0
46.68355315178633,701.0,0
46.733553152531385,734.0,0
46.733553152531385,734.0,0
46.8335531540215,824.0,0
46.88355315476656,712.0,0
46.93355315551162,631.0,0
46.983553156256676,824.0,0
47.033553157001734,736.0,0
47.08355315774679,706.0,0
47.13355315849185,699.0,0
47.18355315923691,701.0,0
47.233553159981966,791.0,0
47.283553160727024,827.0,0
47.33355316147208,751.0,0
47.38355316221714,793.0,0
47.4335531629622,745.0,0
47.483553163707256,732.0,0
47.533553164452314,682.0,0
47.58355316519737,578.0,0
47.63355316594243,711.0,0
47.68355316668749,678.0,0
47.73355316743255,697.0,0
47.783553168177605,766.0,0
47.83355316892266,622.0,0
47.88355316966772,644.0,0
47.93355317041278,688.0,0
47.98355317115784,572.0,0
48.033553171902895,580.0,0
48.08355317264795,616.0,0
48.13355317339301,660.0,0
48.18355317413807,795.0,0
48.23355317488313,746.0,0
48.283553175628185,755.0,0
48.33355317637324,621.0,0
48.3835531771183,592.0,0
48.43355317786336,601.0,0
48.48355317860842,660.0,0
48.533553179353476,726.0,0
48.583553180098534,731.0,0
48.63355318084359,743.0,0
48.68355318158865,691.0,0
48.73355318233371,512.0,0
48.783553183078766,629.0,0
48.833553183823824,630.0,0
48.88355318456888,665.0,0
48.93355318531394,659.0,0
48.983553186059,640.0,0
49.033553186804056,678.0,0
49.083553187549114,701.0,0
49.13355318829417,745.0,0
49.18355318903923,689.0,0
49.23355318978429,690.0,0
49.28355319052935,670.0,0
49.333553191274405,679.0,0
49.38355319201946,728.0,0
49.43355319276452,763.0,0
49.48355319350958,706.0,0
49.53355319425464,727.0,0
49.583553194999695,628.0,0
49.63355319574475,725.0,0
49.68355319648981,687.0,0
49.73355319723487,661.0,0
49.78355319797993,654.0,0
49.78355319797993,654.0,0
49.833553198724985,760.0,0
49.9335532002151,806.0,0
49.9335532002151,806.0,0
50.03355320170522,784.0,0
50.083553202450275,691.0,0
50.13355320319533,708.0,0
50.18355320394039,757.0,0
50.23355320468545,902.0,0
50.28355320543051,849.0,0
50.333553206175566,915.0,0
50.383553206920624,788.0,0
50.43355320766568,823.0,0
50.48355320841074,904.0,0
50.5335532091558,897.0,0
50.583553209900856,1020.0,0
50.633553210645914,1032.0,0
50.68355321139097,1118.0,0
50.73355321213603,1223.0,0
50.78355321288109,1340.0,0
50.833553213626146,1437.0,0
50.883553214371204,1258.0,0
50.93355321511626,1600.0,1
50.98355321586132,1624.0,1
51.03355321660638,1679.0,1
51.08355321735144,1885.0,1
51.133553218096495,1883.0,2
51.18355321884155,1761.0,1
51.23355321958661,1683.0,1
51.28355322033167,1649.0,2
51.33355322107673,1703.0,1
51.383553221821785,1714.0,0
51.43355322256684,1101.0,0
51.4835532233119,1305.0,1
51.53355322405696,1228.0,1
51.58355322480202,816.0,1
51.633553225547075,366.0,0
51.68355322629213,196.0,0
51.68355322629213,196.0,0
51.78355322778225,156.0,0
51.83355322852731,168.0,0
51.883553229272366,134.0,0
51.933553230017424,161.0,0
51.98355323076248,164.0,0
52.03355323150754,165.0,0
52.0835532322526,164.0,0
52.133553232997656,149.0,0
52.183553233742714,162.0,0
52.23355323448777,141.0,0
52.28355323523283,154.0,0
52.33355323597789,158.0,0
52.383553236722946,150.0,0
52.433553237468004,156.0,0
52.48355323821306,145.0,0
52.53355323895812,162.0,0
52.58355323970318,138.0,0
52.63355324044824,165.0,0
52.683553241193295,152.0,0
52.73355324193835,143.0,0
52.78355324268341,147.0,0
52.83355324342847,152.0,0
52.88355324417353,157.0,0
52.933553244918585,136.0,0
52.98355324566364,153.0,0
53.0335532464087,162.0,0
53.08355324715376,147.0,0
53.13355324789882,143.0,0
53.183553248643875,140.0,0
53.23355324938893,164.0,0
53.28355325013399,136.0,0
53.33355325087905,154.0,0
53.38355325162411,162.0,0
53.433553252369165,149.0,0
53.48355325311422,141.0,0
53.53355325385928,144.0,0
53.58355325460434,163.0,0
53.6335532553494,144.0,0
53.683553256094456,164.0,0
53.733553256839514,153.0,0
53.78355325758457,165.0,0
53.83355325832963,168.0,0
53.88355325907469,150.0,0
53.933553259819746,163.0,0
53.983553260564804,138.0,0
54.03355326130986,161.0,0
54.08355326205492,169.0,0
54.13355326279998,155.0,0
54.183553263545036,150.0,0
54.233553264290094,149.0,0
54.28355326503515,171.0,0
54.33355326578021,140.0,0
54.38355326652527,163.0,0
54.43355326727033,164.0,0
54.483553268015385,159.0,0
54.53355326876044,148.0,0
54.5835532695055,150.0,0
54.63355327025056,164.0,0
54.68355327099562,142.0,0
54.733553271740675,161.0,0
54.78355327248573,168.0,0
54.83355327323079,158.0,0
54.88355327397585,145.0,0
54.93355327472091,141.0,0
54.983553275465965,160.0,0
55.03355327621102,140.0,0
55.03355327621102,140.0,0
55.13355327770114,150.0,0
55.13355327770114,150.0,0
55.233553279191256,161.0,0
55.283553279936314,152.0,0
55.33355328068137,160.0,0
55.38355328142643,141.0,0
55.43355328217149,168.0,0
55.483553282916546,152.0,0
55.533553283661604,154.0,0
55.58355328440666,146.0,0
55.63355328515172,160.0,0
55.68355328589678,164.0,0
55.68355328589678,164.0,0
55.68355328589678,164.0,0
55.83355328813195,157.0,0
55.88355328887701,151.0,0
55.88355328887701,151.0,0
55.98355329036713,154.0,0
56.033553291112185,173.0,0
56.08355329185724,143.0,0
56.1335532926023,164.0,0
56.18355329334736,165.0,0
56.23355329409242,157.0,0
56.283553294837475,154.0,0
56.33355329558253,153.0,0
56.38355329632759,165.0,0
56.43355329707265,152.0,0
56.48355329781771,180.0,0
56.533553298562765,174.0,0
56.58355329930782,173.0,0
56.63355330005288,167.0,0
56.68355330079794,161.0,0
56.733553301543,169.0,0
56.783553302288055,149.0,0
56.83355330303311,173.0,0
56.88355330377817,170.0,0
56.93355330452323,164.0,0
56.98355330526829,175.0,0
57.033553306013346,168.0,0
57.083553306758404,176.0,0
57.13355330750346,161.0,0
57.18355330824852,177.0,0
57.23355330899358,177.0,0
57.283553309738636,168.0,0
57.333553310483694,177.0,0
57.333553310483694,177.0,0
57.43355331197381,195.0,0
57.48355331271887,167.0,0
57.533553313463926,175.0,0
57.583553314208984,189.0,0
57.63355331495404,171.0,0
57.6835533156991,175.0,0
57.73355331644416,166.0,0
57.78355331718922,190.0,0
57.833553317934275,166.0,0
57.88355331867933,181.0,0
57.93355331942439,183.0,0
57.98355332016945,177.0,0
58.03355332091451,171.0,0
58.083553321659565,171.0,0
58.13355332240462,180.0,0
58.18355332314968,148.0,0
58.23355332389474,182.0,0
58.2835533246398,200.0,0
58.333553325384855,157.0,0
58.38355332612991,167.0,0
58.43355332687497,167.0,0
58.48355332762003,169.0,0
58.53355332836509,149.0,0
58.583553329110146,174.0,0
58.633553329855204,172.0,0
58.68355333060026,164.0,0
58.73355333134532,157.0,0
58.78355333209038,160.0,0
58.833553332835436,179.0,0
58.883553333580494,151.0,0
58.93355333432555,172.0,0
58.98355333507061,172.0,0
59.03355333581567,167.0,0
59.083553336560726,163.0,0
59.133553337305784,160.0,0
59.18355333805084,181.0,0
59.2335533387959,155.0,0
59.28355333954096,178.0,0
59.33355334028602,183.0,0
59.383553341031075,180.0,0
59.43355334177613,175.0,0
59.48355334252119,178.0,0
59.48355334252119,178.0,0
59.58355334401131,159.0,0
59.633553344756365,204.0,0
59.68355334550142,197.0,0
59.73355334624648,176.0,0
59.78355334699154,179.0,0
59.8335533477366,182.0,0
59.883553348481655,184.0,0
59.93355334922671,166.0,0
59.98355334997177,188.0,0
60.03355335071683,201.0,0
60.08355335146189,176.0,0
60.133553352206945,175.0,0
60.133553352206945,175.0,0
60.183553352952,168.0,0
60.28355335444212,161.0,0
60.33355335518718,186.0,0
60.383553355932236,176.0,0
60.433553356677294,172.0,0
60.433553356677294,172.0,0
60.53355335816741,165.0,0
60.58355335891247,185.0,0
60.633553359657526,170.0,0
60.683553360402584,186.0,0
60.73355336114764,189.0,0
60.7835533618927,180.0,0
60.83355336263776,195.0,0
60.883553363382816,172.0,0
60.933553364127874,197.0,0
60.98355336487293,169.0,0
61.03355336561799,196.0,0
61.08355336636305,197.0,0
61.13355336710811,180.0,0
61.183553367853165,195.0,0
61.23355336859822,182.0,0
61.28355336934328,202.0,0
61.33355337008834,169.0,0
61.3835533708334,187.0,0
61.433553371578455,180.0,0
61.48355337232351,186.0,0
61.53355337306857,182.0,0
61.58355337381363,181.0,0
61.63355337455869,191.0,0
61.683553375303745,177.0,0
61.7335533760488,202.0,0
61.78355337679386,195.0,0
61.83355337753892,182.0,0
61.88355337828398,187.0,0
61.933553379029036,181.0,0
61.983553379774094,190.0,0
62.03355338051915,184.0,0
62.08355338126421,238.0,0
62.13355338200927,223.0,0
62.183553382754326,295.0,0
62.233553383499384,283.0,0
62.28355338424444,308.0,0
62.3335533849895,353.0,0
62.38355338573456,351.0,0
62.433553386479616,384.0,0
62.483553387224674,440.0,0
62.53355338796973,409.0,0
62.58355338871479,444.0,0
62.63355338945985,388.0,0
62.68355339020491,440.0,0
62.733553390949965,408.0,0
62.78355339169502,422.0,0
62.83355339244008,432.0,0
62.88355339318514,439.0,0
62.9335533939302,407.0,0
62.983553394675255,422.0,0
63.03355339542031,421.0,0
63.08355339616537,402.0,0
63.13355339691043,439.0,0
63.18355339765549,453.0,0
63.233553398400545,426.0,0
63.2835533991456,402.0,0
63.33355339989066,378.0,0
63.38355340063572,437.0,0
63.43355340138078,430.0,0
63.483553402125835,387.0,0
63.53355340287089,423.0,0
63.58355340361595,426.0,0
63.63355340436101,386.0,0
63.68355340510607,440.0,0
63.733553405851126,430.0,0
63.783553406596184,422.0,0
63.83355340734124,429.0,0
63.8835534080863,451.0,0
63.93355340883136,449.0,0
63.983553409576416,464.0,0
64.03355341032147,404.0,0
64.08355341106653,485.0,0
64.13355341181159,421.0,0
64.18355341255665,480.0,0
64.2335534133017,469.0,0
64.28355341404676,481.0,0
64.33355341479182,458.0,0
64.38355341553688,427.0,0
64.43355341628194,408.0,0
64.483553417027,395.0,0
64.53355341777205,448.0,0
64.58355341851711,417.0,0
64.63355341926217,383.0,0
64.68355342000723,348.0,0
64.73355342075229,354.0,0
64.78355342149734,318.0,0
64.8335534222424,330.0,0
64.88355342298746,332.0,0
64.93355342373252,321.0,0
64.98355342447758,340.0,0
65.03355342522264,322.0,0
65.0835534259677,336.0,0
65.13355342671275,352.0,0
65.18355342745781,333.0,0
65.23355342820287,360.0,0
65.28355342894793,361.0,0
65.33355342969298,366.0,0
65.38355343043804,366.0,0
65.4335534311831,333.0,0
65.48355343192816,367.0,0
65.53355343267322,336.0,0
65.58355343341827,369.0,0
65.63355343416333,379.0,0
65.68355343490839,360.0,0
65.73355343565345,377.0,0
65.7835534363985,395.0,0
65.83355343714356,396.0,0
65.88355343788862,363.0,0
65.93355343863368,348.0,0
65.98355343937874,390.0,0
66.0335534401238,366.0,0
66.08355344086885,380.0,0
66.13355344161391,395.0,0
66.18355344235897,330.0,0
66.23355344310403,332.0,0
66.28355344384909,369.0,0
66.33355344459414,318.0,0
66.3835534453392,306.0,0
66.43355344608426,306.0,0
66.48355344682932,291.0,0
66.53355344757438,263.0,0
66.58355344831944,288.0,0
66.6335534490645,319.0,0
66.68355344980955,307.0,0
66.73355345055461,301.0,0
66.78355345129967,293.0,0
66.83355345204473,292.0,0
66.88355345278978,333.0,0
66.93355345353484,275.0,0
66.9835534542799,324.0,0
67.03355345502496,346.0,0
67.08355345577002,290.0,0
67.13355345651507,321.0,0
67.18355345726013,318.0,0
67.23355345800519,331.0,0
67.28355345875025,326.0,0
67.3335534594953,311.0,0
67.38355346024036,324.0,0
67.43355346098542,315.0,0
67.48355346173048,314.0,0
67.53355346247554,331.0,0
67.5835534632206,364.0,0
67.63355346396565,298.0,0
67.68355346471071,383.0,0
67.73355346545577,374.0,0
67.78355346620083,341.0,0
67.83355346694589,352.0,0
67.88355346769094,360.0,0
67.933553468436,351.0,0
67.98355346918106,360.0,0
68.03355346992612,369.0,0
68.08355347067118,380.0,0
68.13355347141623,357.0,0
68.1835534721613,352.0,0
68.23355347290635,375.0,0
68.28355347365141,367.0,0
68.33355347439647,341.0,0
68.38355347514153,414.0,0
68.43355347588658,386.0,0
68.48355347663164,331.0,0
68.5335534773767,307.0,0
68.58355347812176,298.0,0
68.63355347886682,313.0,0
68.68355347961187,299.0,0
68.73355348035693,314.0,0
68.78355348110199,341.0,0
68.83355348184705,329.0,0
68.8835534825921,332.0,0
68.93355348333716,324.0,0
68.98355348408222,344.0,0
69.03355348482728,335.0,0
69.08355348557234,363.0,0
69.1335534863174,366.0,0
69.18355348706245,346.0,0
69.23355348780751,349.0,0
69.28355348855257,352.0,0
69.33355348929763,382.0,0
69.38355349004269,335.0,0
69.43355349078774,363.0,0
69.4835534915328,388.0,0
69.53355349227786,387.0,0
69.58355349302292,368.0,0
69.63355349376798,384.0,0
69.68355349451303,412.0,0
69.73355349525809,366.0,0
69.78355349600315,409.0,0
69.83355349674821,382.0,0
69.88355349749327,414.0,0
69.93355349823833,446.0,0
69.98355349898338,398.0,0
70.03355349972844,440.0,0
70.0835535004735,432.0,0
70.13355350121856,423.0,0
70.18355350196362,454.0,0
70.23355350270867,426.0,0
70.28355350345373,457.0,0
70.33355350419879,439.0,0
70.38355350494385,446.0,0
70.4335535056889,373.0,0
70.48355350643396,438.0,0
70.53355350717902,391.0,0
70.58355350792408,392.0,0
70.63355350866914,319.0,0
70.6835535094142,285.0,0
70.73355351015925,317.0,0
70.78355351090431,263.0,0
70.83355351164937,293.0,0
70.88355351239443,318.0,0
70.93355351313949,276.0,0
70.98355351388454,283.0,0
71.0335535146296,252.0,0
71.08355351537466,233.0,0
71.13355351611972,202.0,0
71.18355351686478,240.0,0
71.23355351760983,235.0,0
71.28355351835489,211.0,0
71.33355351909995,193.0,0
71.38355351984501,175.0,0
71.43355352059007,193.0,0
71.48355352133512,156.0,0
71.53355352208018,188.0,0
71.58355352282524,182.0,0
71.6335535235703,175.0,0
71.68355352431536,190.0,0
71.73355352506042,161.0,0
71.78355352580547,186.0,0
71.83355352655053,163.0,0
71.88355352729559,184.0,0
71.93355352804065,185.0,0
71.9835535287857,176.0,0
72.03355352953076,177.0,0
72.08355353027582,172.0,0
72.13355353102088,174.0,0
72.18355353176594,169.0,0
72.233553532511,183.0,0
72.28355353325605,170.0,0
72.33355353400111,177.0,0
72.38355353474617,172.0,0
72.43355353549123,173.0,0
72.48355353623629,184.0,0
72.53355353698134,153.0,0
72.5835535377264,184.0,0
72.63355353847146,190.0,0
72.68355353921652,175.0,0
72.73355353996158,169.0,0
72.78355354070663,164.0,0
72.83355354145169,178.0,0
72.88355354219675,151.0,0
72.93355354294181,178.0,0
72.98355354368687,190.0,0
73.03355354443192,174.0,0
73.08355354517698,173.0,0
73.13355354592204,172.0,0
73.1835535466671,174.0,0
73.23355354741216,158.0,0
73.28355354815722,190.0,0
73.33355354890227,175.0,0
73.38355354964733,180.0,0
73.43355355039239,169.0,0
73.48355355113745,166.0,0
73.5335535518825,169.0,0
73.58355355262756,148.0,0
73.63355355337262,191.0,0
73.68355355411768,183.0,0
73.73355355486274,176.0,0
73.7835535556078,179.0,0
73.83355355635285,169.0,0
73.88355355709791,173.0,0
73.93355355784297,156.0,0
73.98355355858803,182.0,0
74.03355355933309,189.0,0
74.08355356007814,167.0,0
74.1335535608232,167.0,0
74.18355356156826,173.0,0
74.23355356231332,179.0,0
74.28355356305838,163.0,0
74.33355356380343,175.0,0
74.38355356454849,183.0,0
74.43355356529355,177.0,0
74.48355356603861,178.0,0
74.53355356678367,145.0,0
74.58355356752872,183.0,0
74.63355356827378,158.0,0
74.68355356901884,181.0,0
74.7335535697639,176.0,0
74.78355357050896,167.0,0
74.83355357125401,175.0,0
74.88355357199907,173.0,0
74.93355357274413,169.0,0
74.98355357348919,154.0,0
75.03355357423425,176.0,0
75.0835535749793,171.0,0
75.13355357572436,178.0,0
75.18355357646942,168.0,0
75.23355357721448,161.0,0
75.28355357795954,174.0,0
75.3335535787046,147.0,0
75.38355357944965,181.0,0
75.43355358019471,176.0,0
75.48355358093977,167.0,0
75.53355358168483,166.0,0
75.58355358242989,153.0,0
75.63355358317494,175.0,0
75.68355358392,157.0,0
75.73355358466506,175.0,0
75.78355358541012,182.0,0
75.83355358615518,163.0,0
75.88355358690023,161.0,0
75.93355358764529,166.0,0
75.98355358839035,163.0,0
76.03355358913541,151.0,0
76.08355358988047,184.0,0
76.13355359062552,171.0,0
76.18355359137058,171.0,0
76.23355359211564,171.0,0
76.2835535928607,156.0,0
76.33355359360576,172.0,0
76.38355359435081,151.0,0
76.43355359509587,184.0,0
76.48355359584093,176.0,0
76.53355359658599,167.0,0
76.58355359733105,171.0,0
76.6335535980761,158.0,0
76.68355359882116,170.0,0
76.73355359956622,149.0,0
76.78355360031128,175.0,0
76.83355360105634,176.0,0
76.8835536018014,180.0,0
76.93355360254645,162.0,0
76.98355360329151,157.0,0
77.03355360403657,170.0,0
77.08355360478163,156.0,0
77.13355360552669,182.0,0
77.18355360627174,171.0,0
77.2335536070168,171.0,0
77.28355360776186,176.0,0
77.33355360850692,144.0,0
77.38355360925198,180.0,0
77.43355360999703,159.0,0
77.48355361074209,182.0,0
77.53355361148715,175.0,0
77.58355361223221,180.0,0
77.63355361297727,182.0,0
77.68355361372232,155.0,0
77.73355361446738,171.0,0
77.78355361521244,162.0,0
77.8335536159575,197.0,0
77.88355361670256,175.0,0
77.93355361744761,180.0,0
77.98355361819267,165.0,0
78.03355361893773,166.0,0
78.08355361968279,187.0,0
78.13355362042785,160.0,0
78.1835536211729,194.0,0
78.23355362191796,180.0,0
78.28355362266302,176.0,0
78.33355362340808,170.0,0
78.38355362415314,158.0,0
78.4335536248982,184.0,0
78.48355362564325,164.0,0
78.53355362638831,200.0,0
78.58355362713337,223.0,0
78.63355362787843,218.0,0
78.68355362862349,225.0,0
78.73355362936854,238.0,0
78.7835536301136,284.0,0
78.83355363085866,256.0,0
78.88355363160372,347.0,0
78.93355363234878,290.0,0
78.98355363309383,336.0,0
79.03355363383889,347.0,0
79.08355363458395,391.0,0
79.13355363532901,460.0,0
79.18355363607407,443.0,0
79.23355363681912,448.0,0
79.28355363756418,457.0,0
79.33355363830924,427.0,0
79.3835536390543,471.0,0
79.43355363979936,416.0,0
79.48355364054441,427.0,0
79.53355364128947,421.0,0
79.58355364203453,411.0,0
79.63355364277959,498.0,0
79.68355364352465,624.0,0
79.7335536442697,576.0,0
79.78355364501476,710.0,0
79.83355364575982,777.0,0
79.88355364650488,593.0,0
79.93355364724994,613.0,0
79.983553647995,561.0,0
80.03355364874005,567.0,0
80.08355364948511,615.0,0
80.13355365023017,603.0,0
80.18355365097523,524.0,0
80.23355365172029,524.0,0
80.28355365246534,512.0,0
80.3335536532104,530.0,0
80.38355365395546,537.0,0
80.43355365470052,479.0,0
80.48355365544558,422.0,0
80.53355365619063,283.0,0
80.58355365693569,166.0,0
80.63355365768075,201.0,0
80.68355365842581,171.0,0
80.73355365917087,195.0,0
80.78355365991592,174.0,0
80.83355366066098,165.0,0
80.88355366140604,187.0,0
80.9335536621511,155.0,0
80.98355366289616,187.0,0
81.03355366364121,181.0,0
81.08355366438627,187.0,0
81.13355366513133,180.0,0
81.18355366587639,156.0,0
81.23355366662145,188.0,0
81.2835536673665,174.0,0
81.33355366811156,203.0,0
81.38355366885662,189.0,0
81.43355366960168,192.0,0
81.48355367034674,181.0,0
81.5335536710918,180.0,0
81.58355367183685,186.0,0
81.63355367258191,169.0,0
81.68355367332697,203.0,0
81.73355367407203,190.0,0
81.78355367481709,197.0,0
81.83355367556214,177.0,0
81.8835536763072,158.0,0
81.93355367705226,192.0,0
81.98355367779732,168.0,0
82.03355367854238,199.0,0
82.08355367928743,182.0,0
82.13355368003249,191.0,0
82.18355368077755,184.0,0
82.23355368152261,170.0,0
82.28355368226767,179.0,0
82.33355368301272,179.0,0
82.38355368375778,182.0,0
82.43355368450284,190.0,0
82.4835536852479,190.0,0
82.63355368748307,197.0,0
82.63355368748307,197.0,0
82.68355368822813,321.0,0
82.73355368897319,336.0,0
82.78355368971825,256.0,0
82.8335536904633,295.0,0
82.88355369120836,334.0,0
82.93355369195342,302.0,0
82.98355369269848,420.0,0
83.03355369344354,388.0,0
83.0835536941886,409.0,0
83.13355369493365,412.0,0
83.18355369567871,381.0,0
83.23355369642377,365.0,0
83.28355369716883,341.0,0
83.33355369791389,371.0,0
83.38355369865894,345.0,0
83.433553699404,381.0,0
83.48355370014906,374.0,0
83.53355370089412,374.0,0
83.58355370163918,399.0,0
83.63355370238423,332.0,0
83.68355370312929,359.0,0
83.73355370387435,311.0,0
83.78355370461941,392.0,0
83.83355370536447,387.0,0
83.88355370610952,391.0,0
83.93355370685458,378.0,0
83.98355370759964,327.0,0
84.0335537083447,340.0,0
84.08355370908976,314.0,0
84.13355370983481,361.0,0
84.18355371057987,369.0,0
84.23355371132493,358.0,0
84.28355371206999,353.0,0
84.33355371281505,354.0,0
84.3835537135601,373.0,0
84.43355371430516,329.0,0
84.48355371505022,356.0,0
84.53355371579528,286.0,0
84.58355371654034,349.0,0
84.6335537172854,385.0,0
84.68355371803045,410.0,0
84.73355371877551,422.0,0
84.78355371952057,336.0,0
84.83355372026563,313.0,0
84.88355372101068,326.0,0
84.93355372175574,362.0,0
84.9835537225008,327.0,0
85.03355372324586,347.0,0
85.08355372399092,351.0,0
85.13355372473598,352.0,0
85.18355372548103,381.0,0
85.23355372622609,301.0,0
85.28355372697115,265.0,0
85.33355372771621,307.0,0
85.38355372846127,353.0,0
85.43355372920632,367.0,0
85.48355372995138,358.0,0
85.53355373069644,364.0,0
85.5835537314415,344.0,0
85.63355373218656,336.0,0
85.68355373293161,298.0,0
85.73355373367667,306.0,0
85.78355373442173,354.0,0
85.83355373516679,320.0,0
85.88355373591185,387.0,0
85.9335537366569,372.0,0
85.98355373740196,373.0,0
86.03355373814702,349.0,0
86.08355373889208,256.0,0
86.13355373963714,292.0,0
86.1835537403822,361.0,0
86.23355374112725,378.0,0
86.28355374187231,381.0,0
86.33355374261737,405.0,0
86.38355374336243,359.0,0
86.43355374410748,316.0,0
86.48355374485254,293.0,0
86.5335537455976,262.0,0
86.58355374634266,268.0,0
86.63355374708772,278.0,0
86.68355374783278,276.0,0
86.73355374857783,288.0,0
86.78355374932289,263.0,0
86.83355375006795,309.0,0
86.88355375081301,315.0,0
86.93355375155807,299.0,0
86.98355375230312,339.0,0
87.03355375304818,372.0,0
87.08355375379324,392.0,0
87.1335537545383,389.0,0
87.18355375528336,396.0,0
87.23355375602841,374.0,0
87.28355375677347,385.0,0
87.33355375751853,353.0,0
87.38355375826359,354.0,0
87.43355375900865,348.0,0
87.4835537597537,343.0,0
87.53355376049876,389.0,0
87.58355376124382,373.0,0
87.63355376198888,463.0,0
87.68355376273394,478.0,0
87.733553763479,496.0,0
87.78355376422405,464.0,0
87.83355376496911,530.0,0
87.88355376571417,587.0,0
87.93355376645923,648.0,0
87.98355376720428,655.0,0
88.03355376794934,685.0,0
88.0835537686944,580.0,0
88.13355376943946,629.0,0
88.18355377018452,596.0,0
88.23355377092957,621.0,0
88.28355377167463,736.0,0
88.33355377241969,807.0,0
88.38355377316475,859.0,0
88.43355377390981,955.0,0
88.48355377465487,622.0,0
88.53355377539992,341.0,0
88.58355377614498,273.0,0
88.63355377689004,231.0,0
88.6835537776351,188.0,0
88.73355377838016,183.0,0
88.78355377912521,179.0,0
88.83355377987027,176.0,0
88.88355378061533,150.0,0
88.93355378136039,174.0,0
88.98355378210545,173.0,0
89.0335537828505,189.0,0
89.08355378359556,173.0,0
89.13355378434062,181.0,0
89.18355378508568,170.0,0
89.23355378583074,164.0,0
89.2835537865758,186.0,0
89.33355378732085,155.0,0
89.38355378806591,189.0,0
89.43355378881097,179.0,0
89.48355378955603,181.0,0
89.53355379030108,156.0,0
89.58355379104614,150.0,0
89.6335537917912,186.0,0
89.68355379253626,162.0,0
89.73355379328132,184.0,0
89.78355379402637,183.0,0
89.83355379477143,178.0,0
89.88355379551649,163.0,0
89.93355379626155,174.0,0
89.9835537970066,175.0,0
90.03355379775167,161.0,0
90.08355379849672,192.0,0
90.13355379924178,176.0,0
90.18355379998684,179.0,0
90.2335538007319,170.0,0
90.28355380147696,157.0,0
90.33355380222201,184.0,0
90.38355380296707,169.0,0
90.43355380371213,185.0,0
90.48355380445719,170.0,0
90.53355380520225,178.0,0
90.5835538059473,176.0,0
90.63355380669236,161.0,0
90.68355380743742,186.0,0
90.73355380818248,172.0,0
90.78355380892754,191.0,0
90.8335538096726,190.0,0
90.88355381041765,182.0,0
90.93355381116271,163.0,0
90.98355381190777,167.0,0
91.03355381265283,191.0,0
91.08355381339788,164.0,0
91.13355381414294,187.0,0
91.183553814888,177.0,0
91.23355381563306,180.0,0
91.28355381637812,167.0,0
91.33355381712317,157.0,0
91.38355381786823,183.0,0
91.43355381861329,167.0,0
91.48355381935835,180.0,0
91.5335538201034,183.0,0
91.58355382084846,170.0,0
91.63355382159352,165.0,0
91.68355382233858,155.0,0
91.73355382308364,179.0,0
91.7835538238287,158.0,0
91.83355382457376,183.0,0
91.88355382531881,180.0,0
91.93355382606387,175.0,0
91.98355382680893,157.0,0
92.03355382755399,155.0,0
92.08355382829905,188.0,0
92.1335538290441,156.0,0
92.18355382978916,178.0,0
92.23355383053422,170.0,0
92.28355383127928,167.0,0
92.33355383202434,157.0,0
92.3835538327694,159.0,0
92.43355383351445,183.0,0
92.48355383425951,161.0,0
92.53355383500457,178.0,0
92.58355383574963,174.0,0
92.63355383649468,178.0,0
92.68355383723974,159.0,0
92.7335538379848,158.0,0
92.78355383872986,169.0,0
92.83355383947492,154.0,0
92.88355384021997,193.0,0
92.93355384096503,176.0,0
92.98355384171009,169.0,0
93.03355384245515,165.0,0
93.0835538432002,153.0,0
93.13355384394526,175.0,0
93.18355384469032,157.0,0
93.23355384543538,191.0,0
93.28355384618044,180.0,0
93.3335538469255,166.0,0
93.38355384767056,172.0,0
93.43355384841561,160.0,0
93.48355384916067,171.0,0
93.53355384990573,161.0,0
93.58355385065079,172.0,0
93.63355385139585,184.0,0
93.6835538521409,172.0,0
93.73355385288596,166.0,0
93.78355385363102,164.0,0
93.83355385437608,173.0,0
93.88355385512114,154.0,0
93.9335538558662,176.0,0
93.98355385661125,172.0,0
94.03355385735631,170.0,0
94.08355385810137,165.0,0
94.13355385884643,151.0,0
94.18355385959148,174.0,0
94.23355386033654,156.0,0
94.2835538610816,175.0,0
94.33355386182666,166.0,0
94.38355386257172,177.0,0
94.43355386331677,173.0,0
94.48355386406183,148.0,0
94.53355386480689,168.0,0
94.58355386555195,145.0,0
94.633553866297,174.0,0
94.68355386704206,160.0,0
94.73355386778712,177.0,0
94.78355386853218,168.0,0
94.83355386927724,157.0,0
94.8835538700223,177.0,0
94.93355387076735,147.0,0
94.98355387151241,173.0,0
95.03355387225747,174.0,0
95.08355387300253,168.0,0
95.13355387374759,164.0,0
95.18355387449265,150.0,0
95.2335538752377,178.0,0
95.28355387598276,151.0,0
95.33355387672782,173.0,0
95.38355387747288,174.0,0
95.43355387821794,176.0,0
95.483553878963,157.0,0
95.53355387970805,159.0,0
95.58355388045311,167.0,0
95.63355388119817,155.0,0
95.68355388194323,186.0,0
95.73355388268828,174.0,0
95.78355388343334,169.0,0
95.8335538841784,178.0,0
95.88355388492346,151.0,0
95.93355388566852,171.0,0
95.98355388641357,156.0,0
96.03355388715863,188.0,0
96.08355388790369,173.0,0
96.13355388864875,179.0,0
96.1835538893938,168.0,0
96.23355389013886,163.0,0
96.28355389088392,168.0,0
96.33355389162898,163.0,0
96.38355389237404,183.0,0
96.4335538931191,174.0,0
96.48355389386415,161.0,0
96.53355389460921,168.0,0
96.58355389535427,156.0,0
96.63355389609933,180.0,0
96.68355389684439,149.0,0
96.73355389758945,175.0,0
96.7835538983345,177.0,0
96.83355389907956,179.0,0
96.88355389982462,167.0,0
96.93355390056968,148.0,0
96.98355390131474,179.0,0
97.0335539020598,162.0,0
97.08355390280485,171.0,0
97.13355390354991,175.0,0
97.18355390429497,169.0,0
97.23355390504003,175.0,0
97.28355390578508,148.0,0
97.33355390653014,170.0,0
97.3835539072752,154.0,0
97.43355390802026,177.0,0
97.48355390876532,168.0,0
97.53355390951037,171.0,0
97.58355391025543,163.0,0
97.63355391100049,164.0,0
97.68355391174555,175.0,0
97.7335539124906,149.0,0
97.78355391323566,164.0,0
97.83355391398072,175.0,0
97.88355391472578,171.0,0
97.93355391547084,164.0,0
97.9835539162159,153.0,0
98.03355391696095,177.0,0
98.08355391770601,143.0,0
98.13355391845107,169.0,0
98.18355391919613,160.0,0
98.23355391994119,166.0,0
98.23355391994119,166.0,0
98.3335539214313,155.0,0
98.38355392217636,172.0,0
98.43355392292142,152.0,0
98.48355392366648,178.0,0
98.53355392441154,172.0,0
98.5835539251566,168.0,0
98.63355392590165,162.0,0
98.68355392664671,158.0,0
98.73355392739177,166.0,0
98.78355392813683,152.0,0
98.83355392888188,176.0,0
98.88355392962694,169.0,0
98.933553930372,169.0,0
98.98355393111706,167.0,0
99.03355393186212,164.0,0
99.08355393260717,167.0,0
99.13355393335223,141.0,0
99.18355393409729,175.0,0
99.23355393484235,176.0,0
99.2835539355874,158.0,0
99.33355393633246,161.0,0
99.38355393707752,156.0,0
99.43355393782258,172.0,0
99.48355393856764,147.0,0
99.5335539393127,164.0,0
99.58355394005775,167.0,0
99.63355394080281,168.0,0
99.68355394154787,163.0,0
99.73355394229293,146.0,0
99.78355394303799,172.0,0
99.83355394378304,149.0,0
99.8835539445281,170.0,0
99.93355394527316,164.0,0
99.98355394601822,168.0,0
100.03355394676328,164.0,0
100.08355394750834,157.0,0
100.1335539482534,163.0,0
100.18355394899845,145.0,0
100.23355394974351,176.0,0
100.28355395048857,165.0,0
100.33355395123363,169.0,0
100.38355395197868,158.0,0
100.43355395272374,155.0,0
100.4835539534688,171.0,0
100.53355395421386,140.0,0
100.58355395495892,160.0,0
100.63355395570397,166.0,0
100.68355395644903,164.0,0
100.73355395719409,162.0,0
100.78355395793915,144.0,0
100.8335539586842,170.0,0
100.88355395942926,137.0,0
100.93355396017432,168.0,0
100.98355396091938,165.0,0
101.03355396166444,163.0,0
101.0835539624095,153.0,0
101.13355396315455,147.0,0
101.18355396389961,162.0,0
101.23355396464467,146.0,0
101.28355396538973,175.0,0
101.33355396613479,169.0,0
101.38355396687984,180.0,0
101.4335539676249,184.0,0
101.48355396836996,203.0,0
101.53355396911502,215.0,0
101.58355396986008,209.0,0
101.63355397060513,257.0,0
101.6835539713502,235.0,0
101.73355397209525,247.0,0
101.78355397284031,243.0,0
101.83355397358537,234.0,0
101.88355397433043,240.0,0
101.93355397507548,215.0,0
101.98355397582054,233.0,0
102.0335539765656,239.0,0
102.08355397731066,241.0,0
102.13355397805572,234.0,0
102.18355397880077,233.0,0
102.23355397954583,263.0,0
102.28355398029089,220.0,0
102.33355398103595,273.0,0
102.383553981781,277.0,0
102.43355398252606,262.0,0
102.48355398327112,272.0,0
102.53355398401618,227.0,0
102.58355398476124,275.0,0
102.6335539855063,274.0,0
102.68355398625135,278.0,0
102.73355398699641,261.0,0
102.78355398774147,284.0,0
102.83355398848653,252.0,0
102.88355398923159,276.0,0
102.93355398997664,272.0,0
102.9835539907217,231.0,0
103.03355399146676,273.0,0
103.08355399221182,267.0,0
103.13355399295688,265.0,0
103.18355399370193,269.0,0
103.23355399444699,239.0,0
103.28355399519205,257.0,0
103.33355399593711,206.0,0
103.38355399668217,241.0,0
103.43355399742723,260.0,0
103.48355399817228,238.0,0
103.53355399891734,238.0,0
103.5835539996624,235.0,0
103.63355400040746,247.0,0
103.68355400115252,227.0,0
103.73355400189757,249.0,0
103.78355400264263,239.0,0
103.83355400338769,244.0,0
103.88355400413275,232.0,0
103.9335540048778,247.0,0
103.98355400562286,238.0,0
104.03355400636792,215.0,0
104.08355400711298,243.0,0
104.13355400785804,241.0,0
104.1835540086031,222.0,0
104.23355400934815,227.0,0
104.28355401009321,233.0,0
104.33355401083827,227.0,0
104.38355401158333,220.0,0
104.43355401232839,224.0,0
104.48355401307344,237.0,0
104.5335540138185,229.0,0
104.58355401456356,222.0,0
104.63355401530862,223.0,0
104.68355401605368,222.0,0
104.73355401679873,195.0,0
104.78355401754379,243.0,0
104.83355401828885,233.0,0
104.88355401903391,206.0,0
104.93355401977897,212.0,0
104.98355402052402,210.0,0
105.03355402126908,204.0,0
105.08355402201414,214.0,0
105.1335540227592,209.0,0
105.18355402350426,237.0,0
105.23355402424932,229.0,0
105.28355402499437,207.0,0
105.33355402573943,187.0,0
105.38355402648449,205.0,0
105.43355402722955,201.0,0
105.4835540279746,236.0,0
105.53355402871966,219.0,0
105.58355402946472,245.0,0
105.63355403020978,233.0,0
105.68355403095484,225.0,0
105.7335540316999,211.0,0
105.78355403244495,203.0,0
105.83355403319001,233.0,0
105.83355403319001,233.0,0
105.93355403468013,232.0,0
105.98355403542519,224.0,0
106.03355403617024,211.0,0
106.0835540369153,222.0,0
106.13355403766036,176.0,0
106.18355403840542,206.0,0
106.23355403915048,214.0,0
106.28355403989553,226.0,0
106.33355404064059,230.0,0
106.38355404138565,210.0,0
106.43355404213071,222.0,0
106.48355404287577,196.0,0
106.53355404362082,210.0,0
106.58355404436588,191.0,0
106.63355404511094,191.0,0
106.683554045856,204.0,0
106.73355404660106,205.0,0
106.78355404734612,231.0,0
106.83355404809117,217.0,0
106.88355404883623,235.0,0
106.93355404958129,225.0,0
106.98355405032635,219.0,0
107.0335540510714,208.0,0
107.08355405181646,217.0,0
107.13355405256152,235.0,0
107.18355405330658,229.0,0
107.23355405405164,231.0,0
107.2835540547967,225.0,0
107.33355405554175,239.0,0
107.38355405628681,229.0,0
107.43355405703187,232.0,0
107.48355405777693,244.0,0
107.53355405852199,212.0,0
107.58355405926704,229.0,0
107.6335540600121,234.0,0
107.68355406075716,240.0,0
107.73355406150222,235.0,0
107.78355406224728,232.0,0
107.83355406299233,226.0,0
107.88355406373739,223.0,0
107.93355406448245,246.0,0
107.98355406522751,237.0,0
108.03355406597257,264.0,0
108.08355406671762,244.0,0
108.13355406746268,229.0,0
108.18355406820774,245.0,0
108.2335540689528,241.0,0
108.28355406969786,249.0,0
108.33355407044291,233.0,0
108.38355407118797,245.0,0
108.43355407193303,232.0,0
108.48355407267809,236.0,0
108.53355407342315,252.0,0
108.5835540741682,222.0,0
108.63355407491326,269.0,0
108.68355407565832,263.0,0
108.73355407640338,245.0,0
108.78355407714844,232.0,0
108.8335540778935,235.0,0
108.88355407863855,240.0,0
108.93355407938361,199.0,0
108.98355408012867,212.0,0
109.03355408087373,233.0,0
109.08355408161879,230.0,0
109.13355408236384,208.0,0
109.1835540831089,218.0,0
109.23355408385396,236.0,0
109.28355408459902,210.0,0
109.33355408534408,216.0,0
109.38355408608913,223.0,0
109.43355408683419,212.0,0
109.48355408757925,178.0,0
109.53355408832431,157.0,0
109.58355408906937,160.0,0
109.63355408981442,146.0,0
109.68355409055948,176.0,0
109.73355409130454,168.0,0
109.7835540920496,161.0,0
109.83355409279466,160.0,0
109.88355409353971,153.0,0
109.93355409428477,160.0,0
109.98355409502983,2110.0,1
110.03355409577489,5908.0,5
110.08355409651995,8733.0,4
110.133554097265,10700.0,5
110.18355409801006,12346.0,5
110.23355409875512,15387.0,4
110.28355409950018,18053.0,8
110.33355410024524,14269.0,6
110.3835541009903,11042.0,8
110.43355410173535,8882.0,4
110.48355410248041,10697.0,5
110.53355410322547,13130.0,3
110.58355410397053,14498.0,6
110.63355410471559,14348.0,8
110.68355410546064,13844.0,6
110.7335541062057,12521.0,8
110.78355410695076,10044.0,6
110.83355410769582,8957.0,8
110.88355410844088,7474.0,3
110.93355410918593,7351.0,3
110.98355410993099,6460.0,2
111.03355411067605,6262.0,2
111.08355411142111,6889.0,4
111.13355411216617,5877.0,3
111.18355411291122,4852.0,3
111.23355411365628,859.0,0
111.28355411440134,3607.0,1
111.3335541151464,3152.0,1
111.38355411589146,2632.0,1
111.43355411663651,2278.0,0
111.48355411738157,2231.0,1
111.53355411812663,1839.0,0
111.58355411887169,1626.0,0
111.63355411961675,1470.0,0
111.6835541203618,1296.0,0
111.73355412110686,1191.0,0
111.78355412185192,1099.0,0
111.83355412259698,1005.0,0
111.88355412334204,952.0,0
111.9335541240871,934.0,0
111.98355412483215,887.0,0
112.03355412557721,858.0,0
112.08355412632227,799.0,0
112.13355412706733,783.0,0
112.18355412781239,831.0,0
112.23355412855744,836.0,0
112.2835541293025,797.0,0
112.33355413004756,798.0,0
112.38355413079262,794.0,0
112.43355413153768,798.0,0
112.48355413228273,812.0,0
112.48355413228273,812.0,0
112.48355413228273,812.0,0
112.48355413228273,812.0,0
112.68355413526297,699.0,0
112.73355413600802,650.0,0
112.78355413675308,671.0,0
112.83355413749814,671.0,0
112.8835541382432,637.0,0
112.93355413898826,646.0,0
112.98355413973331,674.0,0
113.03355414047837,717.0,0
113.08355414122343,717.0,0
113.13355414196849,712.0,0
113.18355414271355,778.0,0
113.2335541434586,841.0,0
113.28355414420366,956.0,0
113.33355414494872,929.0,0
113.38355414569378,944.0,0
113.43355414643884,949.0,0
113.4835541471839,999.0,0
113.53355414792895,912.0,0
113.58355414867401,946.0,0
113.63355414941907,942.0,0
113.68355415016413,970.0,0
113.73355415090919,974.0,0
113.78355415165424,923.0,0
113.8335541523993,967.0,0
113.88355415314436,939.0,0
113.93355415388942,1047.0,0
113.98355415463448,1082.0,0
114.03355415537953,1100.0,0
114.08355415612459,1055.0,0
114.13355415686965,1039.0,0
114.18355415761471,1022.0,0
114.23355415835977,1057.0,0
114.28355415910482,1041.0,0
114.33355415984988,1032.0,0
114.38355416059494,990.0,0
114.43355416134,883.0,0
114.48355416208506,823.0,0
114.53355416283011,789.0,0
114.58355416357517,633.0,0
114.63355416432023,654.0,0
114.68355416506529,665.0,0
114.73355416581035,644.0,0
114.7835541665554,587.0,0
114.83355416730046,649.0,0
114.88355416804552,520.0,0
114.93355416879058,499.0,0
114.98355416953564,520.0,0
115.0335541702807,479.0,0
115.08355417102575,370.0,0
115.13355417177081,333.0,0
115.18355417251587,322.0,0
115.23355417326093,288.0,0
115.28355417400599,282.0,0
115.33355417475104,269.0,0
115.3835541754961,212.0,0
115.43355417624116,170.0,0
115.48355417698622,152.0,0
115.53355417773128,161.0,0
115.58355417847633,145.0,0
115.63355417922139,177.0,0
115.68355417996645,169.0,0
115.73355418071151,164.0,0
115.78355418145657,162.0,0
115.83355418220162,154.0,0
115.88355418294668,167.0,0
115.93355418369174,137.0,0
115.9835541844368,164.0,0
116.03355418518186,168.0,0
116.08355418592691,160.0,0
116.13355418667197,156.0,0
116.18355418741703,151.0,0
116.23355418816209,166.0,0
116.28355418890715,144.0,0
116.3335541896522,166.0,0
116.38355419039726,164.0,0
116.43355419114232,161.0,0
116.48355419188738,154.0,0
116.53355419263244,142.0,0
116.5835541933775,166.0,0
116.63355419412255,146.0,0
116.68355419486761,169.0,0
116.73355419561267,156.0,0
116.78355419635773,162.0,0
116.83355419710279,164.0,0
116.88355419784784,149.0,0
116.9335541985929,157.0,0
116.98355419933796,137.0,0
117.03355420008302,165.0,0
117.08355420082808,158.0,0
117.13355420157313,154.0,0
117.18355420231819,155.0,0
117.23355420306325,153.0,0
117.28355420380831,164.0,0
117.33355420455337,136.0,0
117.38355420529842,160.0,0
117.43355420604348,156.0,0
117.48355420678854,155.0,0
117.5335542075336,153.0,0
117.58355420827866,144.0,0
117.63355420902371,159.0,0
117.68355420976877,137.0,0
117.73355421051383,163.0,0
117.78355421125889,159.0,0
117.83355421200395,155.0,0
117.883554212749,150.0,0
117.93355421349406,150.0,0
117.98355421423912,154.0,0
118.03355421498418,141.0,0
118.08355421572924,171.0,0
118.1335542164743,167.0,0
118.18355421721935,160.0,0
118.23355421796441,160.0,0
118.28355421870947,148.0,0
118.33355421945453,158.0,0
118.38355422019958,146.0,0
118.43355422094464,175.0,0
118.4835542216897,167.0,0
118.53355422243476,158.0,0
118.58355422317982,160.0,0
118.63355422392488,154.0,0
118.68355422466993,162.0,0
118.73355422541499,135.0,0
118.78355422616005,169.0,0
118.83355422690511,171.0,0
118.88355422765017,160.0,0
118.93355422839522,156.0,0
118.98355422914028,147.0,0
119.03355422988534,164.0,0
119.0835542306304,143.0,0
119.13355423137546,168.0,0
119.18355423212051,164.0,0
119.18355423212051,164.0,0
119.18355423212051,164.0,0
119.33355423435569,145.0,0
119.38355423510075,160.0,0
119.4335542358458,145.0,0
119.48355423659086,166.0,0
119.53355423733592,153.0,0
119.58355423808098,161.0,0
119.63355423882604,166.0,0
119.6835542395711,148.0,0
119.73355424031615,154.0,0
119.78355424106121,140.0,0
119.83355424180627,167.0,0
119.88355424255133,157.0,0
119.93355424329638,163.0,0
119.98355424404144,153.0,0
120.0335542447865,152.0,0
120.08355424553156,160.0,0
120.13355424627662,142.0,0
120.18355424702168,166.0,0
120.23355424776673,168.0,0
120.28355424851179,158.0,0
120.33355424925685,151.0,0
120.38355425000191,148.0,0
120.43355425074697,165.0,0
120.48355425149202,142.0,0
120.53355425223708,168.0,0
120.58355425298214,165.0,0
120.6335542537272,155.0,0
120.68355425447226,152.0,0
120.73355425521731,151.0,0
120.78355425596237,158.0,0
120.83355425670743,143.0,0
120.88355425745249,171.0,0
120.93355425819755,170.0,0
120.9835542589426,161.0,0
121.03355425968766,161.0,0
121.08355426043272,153.0,0
121.13355426117778,164.0,0
121.18355426192284,148.0,0
121.2335542626679,181.0,0
121.28355426341295,161.0,0
121.33355426415801,165.0,0
121.38355426490307,158.0,0
121.43355426564813,155.0,0
121.48355426639318,164.0,0
121.53355426713824,140.0,0
121.5835542678833,173.0,0
121.63355426862836,172.0,0
121.68355426937342,158.0,0
121.73355427011847,158.0,0
121.78355427086353,147.0,0
121.83355427160859,169.0,0
121.88355427235365,148.0,0
121.93355427309871,172.0,0
121.98355427384377,164.0,0
122.03355427458882,162.0,0
122.08355427533388,162.0,0
122.13355427607894,145.0,0
122.183554276824,174.0,0
122.23355427756906,148.0,0
122.28355427831411,165.0,0
122.33355427905917,158.0,0
122.38355427980423,167.0,0
122.43355428054929,162.0,0
122.48355428129435,148.0,0
122.5335542820394,167.0,0
122.58355428278446,144.0,0
122.63355428352952,166.0,0
122.68355428427458,161.0,0
122.73355428501964,154.0,0
122.7835542857647,156.0,0
122.83355428650975,152.0,0
122.88355428725481,162.0,0
122.93355428799987,142.0,0
122.98355428874493,164.0,0
123.03355428948998,158.0,0
123.08355429023504,157.0,0
123.1335542909801,152.0,0
123.18355429172516,155.0,0
123.23355429247022,173.0,0
123.28355429321527,144.0,0
123.33355429396033,167.0,0
123.38355429470539,165.0,0
123.43355429545045,161.0,0
123.4835542961955,154.0,0
123.53355429694057,151.0,0
123.58355429768562,162.0,0
123.63355429843068,147.0,0
123.68355429917574,168.0,0
123.7335542999208,173.0,0
123.78355430066586,160.0,0
123.83355430141091,156.0,0
123.88355430215597,153.0,0
123.93355430290103,164.0,0
123.98355430364609,141.0,0
124.03355430439115,174.0,0
124.0835543051362,164.0,0
124.13355430588126,158.0,0
124.18355430662632,154.0,0
124.23355430737138,154.0,0
124.28355430811644,163.0,0
124.3335543088615,143.0,0
124.38355430960655,169.0,0
124.43355431035161,170.0,0
124.48355431109667,157.0,0
124.53355431184173,156.0,0
124.58355431258678,146.0,0
124.63355431333184,163.0,0
124.6835543140769,144.0,0
124.73355431482196,175.0,0
124.78355431556702,160.0,0
124.83355431631207,163.0,0
124.88355431705713,161.0,0
124.93355431780219,147.0,0
124.98355431854725,163.0,0
125.0335543192923,146.0,0
125.08355432003736,163.0,0
125.13355432078242,153.0,0
125.18355432152748,158.0,0
125.23355432227254,158.0,0
125.2835543230176,146.0,0
125.33355432376266,162.0,0
125.38355432450771,140.0,0
125.43355432525277,171.0,0
125.48355432599783,163.0,0
125.53355432674289,154.0,0
125.58355432748795,151.0,0
125.633554328233,159.0,0
125.68355432897806,158.0,0
125.73355432972312,137.0,0
125.78355433046818,157.0,0
125.83355433121324,152.0,0
125.8835543319583,153.0,0
125.93355433270335,151.0,0
125.98355433344841,148.0,0
126.03355433419347,170.0,0
126.08355433493853,136.0,0
126.13355433568358,155.0,0
126.18355433642864,155.0,0
126.2335543371737,155.0,0
126.28355433791876,150.0,0
126.33355433866382,147.0,0
126.38355433940887,158.0,0
126.43355434015393,149.0,0
126.48355434089899,167.0,0
126.53355434164405,163.0,0
126.5835543423891,156.0,0
126.63355434313416,156.0,0
126.68355434387922,150.0,0
126.73355434462428,164.0,0
126.78355434536934,146.0,0
126.8335543461144,174.0,0
126.88355434685946,159.0,0
126.93355434760451,155.0,0
126.98355434834957,151.0,0
127.03355434909463,155.0,0
127.08355434983969,161.0,0
127.13355435058475,143.0,0
127.1835543513298,169.0,0
127.23355435207486,165.0,0
127.28355435281992,156.0,0
127.33355435356498,149.0,0
127.38355435431004,147.0,0
127.4335543550551,166.0,0
127.48355435580015,146.0,0
127.53355435654521,167.0,0
127.58355435729027,162.0,0
127.63355435803533,159.0,0
127.68355435878038,150.0,0
127.73355435952544,144.0,0
127.7835543602705,161.0,0
127.83355436101556,148.0,0
127.88355436176062,160.0,0
127.93355436250567,151.0,0
127.98355436325073,158.0,0
128.0335543639958,167.0,0
128.08355436474085,149.0,0
128.1335543654859,161.0,0
128.18355436623096,141.0,0
128.23355436697602,164.0,0
128.28355436772108,160.0,0
128.33355436846614,145.0,0
128.3835543692112,146.0,0
128.43355436995625,161.0,0
128.4835543707013,160.0,0
128.53355437144637,143.0,0
128.58355437219143,154.0,0
128.6335543729365,156.0,0
128.68355437368155,150.0,0
128.7335543744266,155.0,0
128.78355437517166,149.0,0
128.83355437591672,181.0,0
128.88355437666178,153.0,0
128.93355437740684,165.0,0
128.9835543781519,160.0,0
129.03355437889695,165.0,0
129.083554379642,150.0,0
129.13355438038707,153.0,0
129.18355438113213,161.0,0
129.23355438187718,152.0,0
129.28355438262224,163.0,0
129.3335543833673,162.0,0
129.38355438411236,162.0,0
129.43355438485742,157.0,0
129.48355438560247,155.0,0
129.53355438634753,167.0,0
129.5835543870926,146.0,0
129.63355438783765,169.0,0
129.6835543885827,164.0,0
129.73355438932776,155.0,0
129.78355439007282,148.0,0
129.83355439081788,166.0,0
129.88355439156294,170.0,0
129.933554392308,142.0,0
129.98355439305305,167.0,0
130.0335543937981,167.0,0
130.08355439454317,159.0,0
130.13355439528823,159.0,0
130.1835543960333,150.0,0
130.23355439677835,172.0,0
130.2835543975234,151.0,0
130.33355439826846,173.0,0
130.38355439901352,168.0,0
130.43355439975858,174.0,0
130.48355440050364,148.0,0
130.5335544012487,161.0,0
130.58355440199375,160.0,0
130.6335544027388,146.0,0
130.68355440348387,155.0,0
130.73355440422893,154.0,0
130.78355440497398,156.0,0
130.83355440571904,161.0,0
130.8835544064641,151.0,0
130.93355440720916,173.0,0
130.98355440795422,144.0,0
131.03355440869927,173.0,0
131.08355440944433,161.0,0
131.1335544101894,164.0,0
131.18355441093445,151.0,0
131.2335544116795,162.0,0
131.28355441242456,163.0,0
131.33355441316962,158.0,0
131.38355441391468,159.0,0
131.43355441465974,171.0,0
131.4835544154048,157.0,0
131.53355441614985,152.0,0
131.5835544168949,148.0,0
131.63355441763997,182.0,0
131.68355441838503,146.0,0
131.7335544191301,177.0,0
131.78355441987514,164.0,0
131.8335544206202,160.0,0
131.88355442136526,140.0,0
131.93355442211032,157.0,0
131.98355442285538,161.0,0
132.03355442360044,146.0,0
132.0835544243455,168.0,0
132.13355442509055,166.0,0
132.1835544258356,159.0,0
132.23355442658067,169.0,0
132.28355442732573,151.0,0
132.33355442807078,160.0,0
132.38355442881584,140.0,0
132.4335544295609,165.0,0
132.48355443030596,163.0,0
132.53355443105102,164.0,0
132.58355443179607,146.0,0
132.63355443254113,159.0,0
132.6835544332862,165.0,0
132.73355443403125,139.0,0
132.7835544347763,165.0,0
132.83355443552136,167.0,0
132.88355443626642,155.0,0
132.93355443701148,158.0,0
132.98355443775654,146.0,0
133.0335544385016,164.0,0
133.08355443924665,144.0,0
133.1335544399917,165.0,0
133.18355444073677,166.0,0
133.23355444148183,166.0,0
133.2835544422269,147.0,0
133.33355444297194,151.0,0
133.383554443717,166.0,0
133.43355444446206,146.0,0
133.48355444520712,155.0,0
133.53355444595218,154.0,0
133.58355444669724,158.0,0
133.6335544474423,161.0,0
133.68355444818735,148.0,0
133.7335544489324,159.0,0
133.78355444967747,143.0,0
133.83355445042253,171.0,0
133.88355445116758,152.0,0
133.93355445191264,152.0,0
133.9835544526577,145.0,0
134.03355445340276,155.0,0
134.08355445414782,158.0,0
134.13355445489287,152.0,0
134.18355445563793,154.0,0
134.233554456383,165.0,0
134.28355445712805,152.0,0
134.3335544578731,155.0,0
134.38355445861816,143.0,0
134.43355445936322,168.0,0
134.48355446010828,139.0,0
134.53355446085334,165.0,0
134.5835544615984,161.0,0
134.63355446234345,165.0,0
134.6835544630885,148.0,0
134.73355446383357,148.0,0
134.78355446457863,156.0,0
134.8335544653237,147.0,0
134.88355446606874,160.0,0
134.9335544668138,156.0,0
134.98355446755886,156.0,0
135.03355446830392,160.0,0
135.08355446904898,139.0,0
135.13355446979403,160.0,0
135.1835544705391,131.0,0
135.23355447128415,156.0,0
135.2835544720292,160.0,0
135.33355447277427,154.0,0
135.38355447351933,148.0,0
135.43355447426438,152.0,0
135.48355447500944,157.0,0
135.5335544757545,136.0,0
135.58355447649956,157.0,0
135.63355447724462,162.0,0
135.68355447798967,154.0,0
135.73355447873473,150.0,0
135.7835544794798,142.0,0
135.83355448022485,164.0,0
135.8835544809699,138.0,0
135.93355448171496,155.0,0
135.98355448246002,163.0,0
136.03355448320508,155.0,0
136.08355448395014,149.0,0
136.1335544846952,146.0,0
136.18355448544025,160.0,0
136.2335544861853,139.0,0
136.28355448693037,155.0,0
136.33355448767543,146.0,0
136.3835544884205,151.0,0
136.43355448916554,155.0,0
136.4835544899106,143.0,0
136.53355449065566,161.0,0
136.58355449140072,136.0,0
136.63355449214578,160.0,0
136.68355449289083,148.0,0
136.7335544936359,147.0,0
136.78355449438095,139.0,0
136.833554495126,150.0,0
136.88355449587107,155.0,0
136.93355449661613,134.0,0
136.98355449736118,155.0,0
137.03355449810624,158.0,0
137.0835544988513,149.0,0
137.13355449959636,145.0,0
137.18355450034142,140.0,0
137.23355450108647,155.0,0
137.28355450183153,132.0,0
137.3335545025766,159.0,0
137.38355450332165,157.0,0
137.4335545040667,144.0,0
137.48355450481176,138.0,0
137.53355450555682,141.0,0
137.58355450630188,153.0,0
137.63355450704694,137.0,0
137.683554507792,155.0,0
137.73355450853705,153.0,0
137.7835545092821,152.0,0
137.83355451002717,150.0,0
137.88355451077223,138.0,0
137.9335545115173,161.0,0
137.98355451226234,133.0,0
138.0335545130074,151.0,0
138.08355451375246,155.0,0
138.13355451449752,148.0,0
138.18355451524258,140.0,0
138.23355451598763,149.0,0
138.2835545167327,156.0,0
138.33355451747775,131.0,0
138.3835545182228,152.0,0
138.43355451896787,153.0,0
138.48355451971292,146.0,0
138.53355452045798,143.0,0
138.58355452120304,138.0,0
138.6335545219481,161.0,0
138.68355452269316,133.0,0
138.73355452343822,152.0,0
138.78355452418327,157.0,0
138.83355452492833,154.0,0
138.8835545256734,146.0,0
138.93355452641845,141.0,0
138.9835545271635,158.0,0
139.03355452790856,135.0,0
139.08355452865362,155.0,0
139.13355452939868,147.0,0
139.18355453014374,208.0,0
139.2335545308888,231.0,0
139.28355453163385,232.0,0
139.3335545323789,282.0,0
139.38355453312397,282.0,0
139.43355453386903,373.0,0
139.4835545346141,335.0,0
139.53355453535914,301.0,0
139.5835545361042,274.0,0
139.63355453684926,264.0,0
139.68355453759432,262.0,0
139.73355453833938,224.0,0
139.78355453908443,264.0,0
139.8335545398295,274.0,0
139.88355454057455,269.0,0
139.9335545413196,294.0,0
139.98355454206467,280.0,0
140.03355454280972,266.0,0
140.08355454355478,286.0,0
140.13355454429984,289.0,0
140.1835545450449,271.0,0
140.23355454578996,300.0,0
140.28355454653502,281.0,0
140.33355454728007,320.0,0
140.38355454802513,326.0,0
140.4335545487702,302.0,0
140.48355454951525,320.0,0
140.5335545502603,288.0,0
140.58355455100536,322.0,0
140.63355455175042,355.0,0
140.68355455249548,309.0,0
